<?xml version="1.0" encoding="UTF-8"?>
<rss version="2.0"
	xmlns:content="http://purl.org/rss/1.0/modules/content/"
	xmlns:wfw="http://wellformedweb.org/CommentAPI/"
	xmlns:dc="http://purl.org/dc/elements/1.1/"
	xmlns:atom="http://www.w3.org/2005/Atom"
	xmlns:sy="http://purl.org/rss/1.0/modules/syndication/"
	xmlns:slash="http://purl.org/rss/1.0/modules/slash/"
	>
<channel>
	<title>Firstpost &#187; Politics</title>
	<atom:link href="http://www.firstpost.com/politics/feed" rel="self" type="application/rss+xml" />
	<link>http://www.firstpost.com</link>
	<description>Firstpost</description>
	<lastBuildDate>Fri, 04 Mar 2016 19:01:53 +0000</lastBuildDate>
	<language>en-US</language>
	<sy:updatePeriod>hourly</sy:updatePeriod>
	<sy:updateFrequency>1</sy:updateFrequency>
	
	<item>
		<title>Ready for polls in the 5 states, will ensure no division of votes: Congress</title>
		<link>http://www.firstpost.com/politics/ready-for-polls-in-the-5-states-will-ensure-no-division-of-votes-congress-2657712.html</link>
		<comments>http://www.firstpost.com/politics/ready-for-polls-in-the-5-states-will-ensure-no-division-of-votes-congress-2657712.html#comments</comments>
		<pubDate>Fri, 04 Mar 2016 16:48:11 +0000</pubDate>
		<dc:creator><![CDATA[hidden]]></dc:creator>
				<category><![CDATA[Politics]]></category>
		<category><![CDATA[Assembly polls]]></category>
		<category><![CDATA[BJP]]></category>
		<category><![CDATA[Congress]]></category>
		<category><![CDATA[Election]]></category>
		<category><![CDATA[NewsTracker]]></category>
		<category><![CDATA[polls]]></category>

		<guid isPermaLink="false">http://www.firstpost.com/?p=2657712</guid>
		<description><![CDATA[<p>Congress on Friday said that it is ready for polls in all the five election-bound states and will forge understanding and alliances.</p>
<p>The post <a rel="nofollow" href="http://www.firstpost.com/politics/ready-for-polls-in-the-5-states-will-ensure-no-division-of-votes-congress-2657712.html">Ready for polls in the 5 states, will ensure no division of votes: Congress</a> appeared first on <a rel="nofollow" href="http://www.firstpost.com">Firstpost</a>.</p>
]]></description>
		<wfw:commentRss>http://www.firstpost.com/politics/ready-for-polls-in-the-5-states-will-ensure-no-division-of-votes-congress-2657712.html/feed</wfw:commentRss>
		<slash:comments>0</slash:comments>
	<postimage>http://s1.firstpost.in/fpimages/100x75/fixed/jpeg/2016/03/Congress_flags_AFP.jpg</postimage>	</item>
		<item>
		<title>Bihar farmers win face-off with BJP; won&#8217;t have to reap crops early for PM Modi&#8217;s function</title>
		<link>http://www.firstpost.com/politics/bihar-farmers-win-face-off-with-bjp-wont-have-to-reap-crops-early-for-pm-modis-function-2657632.html</link>
		<comments>http://www.firstpost.com/politics/bihar-farmers-win-face-off-with-bjp-wont-have-to-reap-crops-early-for-pm-modis-function-2657632.html#comments</comments>
		<pubDate>Fri, 04 Mar 2016 16:32:57 +0000</pubDate>
		<dc:creator><![CDATA[hidden]]></dc:creator>
				<category><![CDATA[Politics]]></category>
		<category><![CDATA[Bharatiya Janata Party]]></category>
		<category><![CDATA[bIhar]]></category>
		<category><![CDATA[BJP]]></category>
		<category><![CDATA[farmers]]></category>
		<category><![CDATA[NewsTracker]]></category>
		<category><![CDATA[Patna High Court centenary]]></category>
		<category><![CDATA[Prime Minister Narendra Modi]]></category>
		<category><![CDATA[Sultanpur]]></category>
		<category><![CDATA[Vaishali]]></category>

		<guid isPermaLink="false">http://www.firstpost.com/?p=2657632</guid>
		<description><![CDATA[<p>Farmers of Sultanpur had protested against attempts by local authorities to hustle them into cutting their unripened crops for PM Modi's function.</p>
<p>The post <a rel="nofollow" href="http://www.firstpost.com/politics/bihar-farmers-win-face-off-with-bjp-wont-have-to-reap-crops-early-for-pm-modis-function-2657632.html">Bihar farmers win face-off with BJP; won&#8217;t have to reap crops early for PM Modi&#8217;s function</a> appeared first on <a rel="nofollow" href="http://www.firstpost.com">Firstpost</a>.</p>
]]></description>
		<wfw:commentRss>http://www.firstpost.com/politics/bihar-farmers-win-face-off-with-bjp-wont-have-to-reap-crops-early-for-pm-modis-function-2657632.html/feed</wfw:commentRss>
		<slash:comments>0</slash:comments>
	<postimage>http://s1.firstpost.in/fpimages/100x75/fixed/jpeg/2016/03/Modi-Bihar-rally2-PTI1.jpg</postimage>	</item>
		<item>
		<title>PM Modi is in the grip of Rahul phobia: Congress</title>
		<link>http://www.firstpost.com/politics/pm-modi-is-in-the-grip-of-rahul-phobia-congress-2657634.html</link>
		<comments>http://www.firstpost.com/politics/pm-modi-is-in-the-grip-of-rahul-phobia-congress-2657634.html#comments</comments>
		<pubDate>Fri, 04 Mar 2016 15:54:43 +0000</pubDate>
		<dc:creator><![CDATA[hidden]]></dc:creator>
				<category><![CDATA[Politics]]></category>
		<category><![CDATA[BJP]]></category>
		<category><![CDATA[Congress]]></category>
		<category><![CDATA[JNU row]]></category>
		<category><![CDATA[PM Narendra Modi]]></category>
		<category><![CDATA[Rahul Gandhi]]></category>
		<category><![CDATA[Rohith Vemula]]></category>
		<category><![CDATA[Sonia Gandhi]]></category>
		<category><![CDATA[TheySaidIt]]></category>

		<guid isPermaLink="false">http://www.firstpost.com/?p=2657634</guid>
		<description><![CDATA[<p>Congress on Friday described Prime Minister Narendra Modi as being in grip of "Rahul phobia" and said he has made a "mockery of democracy".</p>
<p>The post <a rel="nofollow" href="http://www.firstpost.com/politics/pm-modi-is-in-the-grip-of-rahul-phobia-congress-2657634.html">PM Modi is in the grip of Rahul phobia: Congress</a> appeared first on <a rel="nofollow" href="http://www.firstpost.com">Firstpost</a>.</p>
]]></description>
		<wfw:commentRss>http://www.firstpost.com/politics/pm-modi-is-in-the-grip-of-rahul-phobia-congress-2657634.html/feed</wfw:commentRss>
		<slash:comments>0</slash:comments>
	<postimage>http://s1.firstpost.in/fpimages/100x75/fixed/jpeg/2016/03/Narendra_Modi_AFP.jpg</postimage>	</item>
		<item>
		<title>Kanhaiya Kumar to campaign for Left in upcoming polls in five states</title>
		<link>http://www.firstpost.com/politics/kanhaiya-kumar-to-campaign-for-left-in-upcoming-polls-in-five-states-2657582.html</link>
		<comments>http://www.firstpost.com/politics/kanhaiya-kumar-to-campaign-for-left-in-upcoming-polls-in-five-states-2657582.html#comments</comments>
		<pubDate>Fri, 04 Mar 2016 15:22:45 +0000</pubDate>
		<dc:creator><![CDATA[hidden]]></dc:creator>
				<category><![CDATA[Politics]]></category>
		<category><![CDATA[AISF]]></category>
		<category><![CDATA[Assembly polls]]></category>
		<category><![CDATA[CPI]]></category>
		<category><![CDATA[JNU row]]></category>
		<category><![CDATA[Kanhaiya Kumar]]></category>
		<category><![CDATA[Left Parties]]></category>
		<category><![CDATA[NewsTracker]]></category>

		<guid isPermaLink="false">http://www.firstpost.com/?p=2657582</guid>
		<description><![CDATA[<p>Claiming that JNU students' union president Kanhaiya Kumar is an activist, leaders of Communist parties on Friday said he will campaign for the Left.</p>
<p>The post <a rel="nofollow" href="http://www.firstpost.com/politics/kanhaiya-kumar-to-campaign-for-left-in-upcoming-polls-in-five-states-2657582.html">Kanhaiya Kumar to campaign for Left in upcoming polls in five states</a> appeared first on <a rel="nofollow" href="http://www.firstpost.com">Firstpost</a>.</p>
]]></description>
		<wfw:commentRss>http://www.firstpost.com/politics/kanhaiya-kumar-to-campaign-for-left-in-upcoming-polls-in-five-states-2657582.html/feed</wfw:commentRss>
		<slash:comments>0</slash:comments>
	<postimage>http://s1.firstpost.in/fpimages/100x75/fixed/jpeg/2016/03/Kanhaiya_Kumar_PTI1.jpg</postimage>	</item>
		<item>
		<title>PDP chief Mehbooba hints at moving on with BJP in Kashmir; meets Governor</title>
		<link>http://www.firstpost.com/politics/mehbooba-hints-at-moving-on-with-bjp-in-kashmir-meets-governor-2657502.html</link>
		<comments>http://www.firstpost.com/politics/mehbooba-hints-at-moving-on-with-bjp-in-kashmir-meets-governor-2657502.html#comments</comments>
		<pubDate>Fri, 04 Mar 2016 14:46:30 +0000</pubDate>
		<dc:creator><![CDATA[hidden]]></dc:creator>
				<category><![CDATA[India]]></category>
		<category><![CDATA[Politics]]></category>
		<category><![CDATA[BJP]]></category>
		<category><![CDATA[Governor N N Vohra]]></category>
		<category><![CDATA[Jammu and Kashmir]]></category>
		<category><![CDATA[Mehbooba Mufti]]></category>
		<category><![CDATA[NewsTracker]]></category>
		<category><![CDATA[PDP]]></category>
		<category><![CDATA[PDP chief Mehbooba Mufti]]></category>
		<category><![CDATA[PDP-BJP alliance]]></category>

		<guid isPermaLink="false">http://www.firstpost.com/?p=2657502</guid>
		<description><![CDATA[<p>PDP chief Mehbooba Mufti on Friday hinted at going ahead with forming government with BJP, saying she was "not afraid" of criticism over it</p>
<p>The post <a rel="nofollow" href="http://www.firstpost.com/politics/mehbooba-hints-at-moving-on-with-bjp-in-kashmir-meets-governor-2657502.html">PDP chief Mehbooba hints at moving on with BJP in Kashmir; meets Governor</a> appeared first on <a rel="nofollow" href="http://www.firstpost.com">Firstpost</a>.</p>
]]></description>
		<wfw:commentRss>http://www.firstpost.com/politics/mehbooba-hints-at-moving-on-with-bjp-in-kashmir-meets-governor-2657502.html/feed</wfw:commentRss>
		<slash:comments>0</slash:comments>
	<postimage>http://s1.firstpost.in/fpimages/100x75/fixed/jpeg/2016/03/Mehbooba-Mufti1_AFP_380.jpg</postimage>	</item>
		<item>
		<title>West Bengal, Assam to go to polls in April; Tamil Nadu, Kerala and Puducherry in May</title>
		<link>http://www.firstpost.com/politics/west-bengal-assam-among-5-states-to-begin-elections-on-4-april-counting-on-19-may-2657006.html</link>
		<comments>http://www.firstpost.com/politics/west-bengal-assam-among-5-states-to-begin-elections-on-4-april-counting-on-19-may-2657006.html#comments</comments>
		<pubDate>Fri, 04 Mar 2016 14:37:09 +0000</pubDate>
		<dc:creator><![CDATA[FP Staff]]></dc:creator>
				<category><![CDATA[Politics]]></category>
		<category><![CDATA[Assam]]></category>
		<category><![CDATA[Assembly Elections]]></category>
		<category><![CDATA[Election Commission]]></category>
		<category><![CDATA[Kerala]]></category>
		<category><![CDATA[Nasim Zaidi]]></category>
		<category><![CDATA[NewsTracker]]></category>
		<category><![CDATA[Puducherry]]></category>
		<category><![CDATA[Tamil Nadu]]></category>
		<category><![CDATA[West Bengal]]></category>

		<guid isPermaLink="false">http://www.firstpost.com/?p=2657006</guid>
		<description><![CDATA[<p>The fate of governments in four states and one union territory will be known on 19 May, when counting for assembly elections will be conducted.</p>
<p>The post <a rel="nofollow" href="http://www.firstpost.com/politics/west-bengal-assam-among-5-states-to-begin-elections-on-4-april-counting-on-19-may-2657006.html">West Bengal, Assam to go to polls in April; Tamil Nadu, Kerala and Puducherry in May</a> appeared first on <a rel="nofollow" href="http://www.firstpost.com">Firstpost</a>.</p>
]]></description>
		<wfw:commentRss>http://www.firstpost.com/politics/west-bengal-assam-among-5-states-to-begin-elections-on-4-april-counting-on-19-may-2657006.html/feed</wfw:commentRss>
		<slash:comments>0</slash:comments>
	<postimage>http://s1.firstpost.in/fpimages/100x75/fixed/jpeg/2016/03/Voters_India_NEW_Reuters.jpg</postimage>	</item>
		<item>
		<title>Mamata Banerjee declares list of candidates, says TMC will go it alone in West Bengal Assembly polls</title>
		<link>http://www.firstpost.com/politics/mamata-banerjee-declares-list-of-candidates-says-tmc-will-go-it-alone-in-west-bengal-assembly-polls-2657434.html</link>
		<comments>http://www.firstpost.com/politics/mamata-banerjee-declares-list-of-candidates-says-tmc-will-go-it-alone-in-west-bengal-assembly-polls-2657434.html#comments</comments>
		<pubDate>Fri, 04 Mar 2016 13:57:03 +0000</pubDate>
		<dc:creator><![CDATA[hidden]]></dc:creator>
				<category><![CDATA[Politics]]></category>
		<category><![CDATA[Madan Mitra]]></category>
		<category><![CDATA[Mamata Banerjee]]></category>
		<category><![CDATA[NewsTracker]]></category>
		<category><![CDATA[TMC]]></category>
		<category><![CDATA[Trinamool Congress]]></category>
		<category><![CDATA[West Bengal Assembly Election 2016]]></category>

		<guid isPermaLink="false">http://www.firstpost.com/?p=2657434</guid>
		<description><![CDATA[<p>Trinamool Congress will go it alone in next month's Assembly election in West Bengal, its supremo Mamata Banerjee on Friday said and declared the list of TMC candidates soon after Election Commission announced the poll schedule.</p>
<p>The post <a rel="nofollow" href="http://www.firstpost.com/politics/mamata-banerjee-declares-list-of-candidates-says-tmc-will-go-it-alone-in-west-bengal-assembly-polls-2657434.html">Mamata Banerjee declares list of candidates, says TMC will go it alone in West Bengal Assembly polls</a> appeared first on <a rel="nofollow" href="http://www.firstpost.com">Firstpost</a>.</p>
]]></description>
		<wfw:commentRss>http://www.firstpost.com/politics/mamata-banerjee-declares-list-of-candidates-says-tmc-will-go-it-alone-in-west-bengal-assembly-polls-2657434.html/feed</wfw:commentRss>
		<slash:comments>0</slash:comments>
	<postimage>http://s1.firstpost.in/fpimages/100x75/fixed/jpeg/2016/03/Mamata_Banerjee_PTI.jpg</postimage>	</item>
		<item>
		<title>Kanhaiya more nationalist than those leveling sedition charge on him: Nitish Kumar</title>
		<link>http://www.firstpost.com/politics/kanhaiya-more-nationalist-than-those-leveling-sedition-charge-on-him-nitish-kumar-2657318.html</link>
		<comments>http://www.firstpost.com/politics/kanhaiya-more-nationalist-than-those-leveling-sedition-charge-on-him-nitish-kumar-2657318.html#comments</comments>
		<pubDate>Fri, 04 Mar 2016 13:03:47 +0000</pubDate>
		<dc:creator><![CDATA[hidden]]></dc:creator>
				<category><![CDATA[India]]></category>
		<category><![CDATA[Politics]]></category>
		<category><![CDATA[Bihar Chief Minister]]></category>
		<category><![CDATA[CPI]]></category>
		<category><![CDATA[JNU]]></category>
		<category><![CDATA[JNUSU]]></category>
		<category><![CDATA[Kanhaiya]]></category>
		<category><![CDATA[Kanhaiya Kumar]]></category>
		<category><![CDATA[NewsTracker]]></category>
		<category><![CDATA[Nitish Kumar]]></category>

		<guid isPermaLink="false">http://www.firstpost.com/?p=2657318</guid>
		<description><![CDATA[<p>Nitish Kumar on Friday expressed his support to JNU Students' Union President Kanhaiya Kumar's assertions of freedom from poverty and intolerance, saying the "talented" youth leader was more nationalist than those levelling sedition charge against him.</p>
<p>The post <a rel="nofollow" href="http://www.firstpost.com/politics/kanhaiya-more-nationalist-than-those-leveling-sedition-charge-on-him-nitish-kumar-2657318.html">Kanhaiya more nationalist than those leveling sedition charge on him: Nitish Kumar</a> appeared first on <a rel="nofollow" href="http://www.firstpost.com">Firstpost</a>.</p>
]]></description>
		<wfw:commentRss>http://www.firstpost.com/politics/kanhaiya-more-nationalist-than-those-leveling-sedition-charge-on-him-nitish-kumar-2657318.html/feed</wfw:commentRss>
		<slash:comments>0</slash:comments>
	<postimage>http://s1.firstpost.in/fpimages/100x75/fixed/jpeg/2016/02/Nitish-Kumar-PTI-Apr-15.jpg</postimage>	</item>
		<item>
		<title>Haryana Jat reservations row: Why charade of providing quotas for electoral gains will continue</title>
		<link>http://www.firstpost.com/politics/haryana-jat-reservations-row-why-charade-of-providing-quotas-for-electoral-gains-will-continue-2657266.html</link>
		<comments>http://www.firstpost.com/politics/haryana-jat-reservations-row-why-charade-of-providing-quotas-for-electoral-gains-will-continue-2657266.html#comments</comments>
		<pubDate>Fri, 04 Mar 2016 13:00:23 +0000</pubDate>
		<dc:creator><![CDATA[hidden]]></dc:creator>
				<category><![CDATA[Politics]]></category>
		<category><![CDATA[ConnectTheDots]]></category>
		<category><![CDATA[Haryana]]></category>
		<category><![CDATA[Jat]]></category>
		<category><![CDATA[Manohar Lal Khattar]]></category>
		<category><![CDATA[Protests]]></category>
		<category><![CDATA[Voters]]></category>

		<guid isPermaLink="false">http://www.firstpost.com/?p=2657266</guid>
		<description><![CDATA[<p>What could, should, and needs to be done is to face the issue of reservations squarely, in the public domain, in an open national debate. Let every political party say honestly what its stand on reservations is. Those who are not in favour of caste-based reservations need to have the courage to not choose candidates for elections on the basis of caste and to stop asking for votes on the same basis.</p>
<p>The post <a rel="nofollow" href="http://www.firstpost.com/politics/haryana-jat-reservations-row-why-charade-of-providing-quotas-for-electoral-gains-will-continue-2657266.html">Haryana Jat reservations row: Why charade of providing quotas for electoral gains will continue</a> appeared first on <a rel="nofollow" href="http://www.firstpost.com">Firstpost</a>.</p>
]]></description>
		<wfw:commentRss>http://www.firstpost.com/politics/haryana-jat-reservations-row-why-charade-of-providing-quotas-for-electoral-gains-will-continue-2657266.html/feed</wfw:commentRss>
		<slash:comments>0</slash:comments>
	<postimage>http://s1.firstpost.in/fpimages/100x75/fixed/jpeg/2016/03/Jat_PTI.jpg</postimage>	</item>
		<item>
		<title>By cornering the formidable Chidambaram, is the govt trying to send a signal to the Congress?</title>
		<link>http://www.firstpost.com/politics/by-cornering-the-formidable-chidambaram-is-the-govt-trying-to-send-a-signal-to-the-congress-2657306.html</link>
		<comments>http://www.firstpost.com/politics/by-cornering-the-formidable-chidambaram-is-the-govt-trying-to-send-a-signal-to-the-congress-2657306.html#comments</comments>
		<pubDate>Fri, 04 Mar 2016 12:46:40 +0000</pubDate>
		<dc:creator><![CDATA[Rajeev Srinivasan]]></dc:creator>
				<category><![CDATA[India]]></category>
		<category><![CDATA[Politics]]></category>
		<category><![CDATA[ConnectTheDots]]></category>
		<category><![CDATA[GK Pillai]]></category>
		<category><![CDATA[Ishrat Jahan]]></category>
		<category><![CDATA[Karti Chidamram]]></category>
		<category><![CDATA[LeT]]></category>
		<category><![CDATA[P. Chidambaram]]></category>
		<category><![CDATA[Rahul Gandhi]]></category>
		<category><![CDATA[RVS Mani]]></category>
		<category><![CDATA[Sonia Gandhi]]></category>

		<guid isPermaLink="false">http://www.firstpost.com/?p=2657306</guid>
		<description><![CDATA[<p>The government is taking on the strongest person in the Opposition, Chidambaram, who is not a weak link and the assault is with, as it were, nuclear weapons</p>
<p>The post <a rel="nofollow" href="http://www.firstpost.com/politics/by-cornering-the-formidable-chidambaram-is-the-govt-trying-to-send-a-signal-to-the-congress-2657306.html">By cornering the formidable Chidambaram, is the govt trying to send a signal to the Congress?</a> appeared first on <a rel="nofollow" href="http://www.firstpost.com">Firstpost</a>.</p>
]]></description>
		<wfw:commentRss>http://www.firstpost.com/politics/by-cornering-the-formidable-chidambaram-is-the-govt-trying-to-send-a-signal-to-the-congress-2657306.html/feed</wfw:commentRss>
		<slash:comments>0</slash:comments>
	<postimage>http://s1.firstpost.in/fpimages/100x75/fixed/jpeg/2016/02/chidam-pti.jpg</postimage>	</item>
	</channel>
</rss>

<!-- Performance optimized by W3 Total Cache. Learn more: http://www.w3-edge.com/wordpress-plugins/

Minified using xcache
Page Caching using xcache
Object Caching 1081/1098 objects using xcache
Content Delivery Network via s1.firstpost.in

 Served from: www.firstpost.com @ 2016-03-05 00:35:02 by W3 Total Cache -->